背番号,選手名,打率,試合,打席数,打数,安打,本塁打,打点,盗塁,四球,死球,三振,犠打,併殺打,出塁率,長打率,OPS,RC27,XR27,team,Name,salary
61,ファビアン,0.316,43.0,180.0,174.0,55.0,5.0,21.0,0.0,5.0,1.0,28.0,0.0,3.0,0.339,0.466,0.804,5.77,5.43,c,ファビアン,10850
5,小園　海斗,0.259,42.0,179.0,162.0,42.0,2.0,16.0,4.0,16.0,1.0,15.0,0.0,1.0,0.33,0.358,0.688,4.56,4.36,c,小園　海斗,9000
52,末包　昇大,0.276,39.0,170.0,152.0,42.0,6.0,31.0,1.0,16.0,1.0,33.0,0.0,1.0,0.347,0.467,0.814,6.11,6.04,c,末包　昇大,3600
4,矢野　雅哉,0.19,42.0,168.0,137.0,26.0,0.0,10.0,0.0,17.0,3.0,37.0,10.0,1.0,0.291,0.234,0.525,2.04,2.2,c,矢野　雅哉,5300
33,菊池　涼介,0.248,40.0,155.0,141.0,35.0,1.0,12.0,0.0,6.0,0.0,26.0,7.0,1.0,0.277,0.312,0.589,2.78,2.8,c,菊池　涼介,25000
99,二俣　翔一,0.16,31.0,82.0,75.0,12.0,1.0,2.0,1.0,5.0,1.0,19.0,1.0,0.0,0.222,0.227,0.449,1.25,1.45,c,二俣　翔一,1200
37,野間　峻祥,0.306,36.0,79.0,72.0,22.0,0.0,9.0,2.0,7.0,0.0,11.0,0.0,0.0,0.367,0.319,0.687,5.23,5.01,c,野間　峻祥,8000
96,中村　奨成,0.293,26.0,79.0,75.0,22.0,1.0,4.0,0.0,4.0,0.0,10.0,0.0,0.0,0.329,0.413,0.742,4.21,4.07,c,中村　奨成,800
31,坂倉　将吾,0.29,20.0,78.0,69.0,20.0,1.0,6.0,0.0,6.0,0.0,16.0,3.0,1.0,0.347,0.377,0.723,4.69,4.46,c,坂倉　将吾,15000
60,田村　俊介,0.254,25.0,69.0,63.0,16.0,1.0,4.0,0.0,6.0,0.0,14.0,0.0,1.0,0.319,0.333,0.652,3.52,3.53,c,田村　俊介,1000
7,堂林　翔太,0.197,29.0,66.0,61.0,12.0,1.0,4.0,0.0,4.0,0.0,21.0,1.0,3.0,0.246,0.328,0.574,1.92,1.91,c,堂林　翔太,6000
32,石原　貴規,0.196,19.0,55.0,51.0,10.0,0.0,2.0,0.0,0.0,1.0,13.0,3.0,2.0,0.212,0.235,0.447,0.78,0.8,c,石原　貴規,1900
95,モンテロ,0.214,12.0,47.0,42.0,9.0,1.0,7.0,0.0,5.0,0.0,7.0,0.0,3.0,0.298,0.381,0.679,2.98,2.78,c,モンテロ,12800
27,會澤　翼,0.167,15.0,32.0,24.0,4.0,0.0,1.0,0.0,4.0,2.0,8.0,2.0,0.0,0.333,0.208,0.542,2.35,2.32,c,會澤　翼,8000
9,秋山　翔吾,0.345,10.0,31.0,29.0,10.0,1.0,1.0,0.0,2.0,0.0,3.0,0.0,0.0,0.387,0.517,0.904,8.07,7.57,c,秋山　翔吾,18000
0,羽月　隆太郎,0.308,20.0,17.0,13.0,4.0,0.0,2.0,6.0,4.0,0.0,5.0,0.0,0.0,0.471,0.308,0.778,5.8,5.92,c,羽月　隆太郎,2300
69,山足　達也,0.111,11.0,14.0,9.0,1.0,0.0,1.0,0.0,2.0,0.0,0.0,3.0,1.0,0.273,0.111,0.384,0.33,0.47,c,山足　達也,1900
44,林　晃汰,0.167,10.0,12.0,12.0,2.0,0.0,0.0,0.0,0.0,0.0,5.0,0.0,0.0,0.167,0.167,0.333,-0.02,0.16,c,林　晃汰,1200
10,佐々木　泰,0.182,3.0,11.0,11.0,2.0,0.0,0.0,0.0,0.0,0.0,3.0,0.0,0.0,0.182,0.273,0.455,1.2,1.17,c,佐々木　泰,1600
59,大盛　穂,0.222,28.0,10.0,9.0,2.0,0.0,0.0,0.0,1.0,0.0,2.0,0.0,0.0,0.3,0.333,0.633,3.7,3.51,c,大盛　穂,2000
40,磯村　嘉孝,0.0,6.0,7.0,7.0,0.0,0.0,0.0,0.0,0.0,0.0,2.0,0.0,0.0,0.0,0.0,0.0,-2.76,-2.51,c,磯村　嘉孝,2100
0,上本　崇司,0.0,1.0,1.0,1.0,0.0,0.0,0.0,0.0,0.0,0.0,1.0,0.0,0.0,0.0,0.0,0.0,-2.92,-2.7,c,上本　崇司,3700
2,田中　広輔,,,,,,,,,,,,,,,,,,,c,田中　広輔,3000
38,宇草　孔基,,,,,,,,,,,,,,,,,,,c,宇草　孔基,1300
49,渡邉　悠斗,,,,,,,,,,,,,,,,,,,c,渡邉　悠斗,800
50,中村　健人,,,,,,,,,,,,,,,,,,,c,中村　健人,1200
54,韮澤　雄也,,,,,,,,,,,,,,,,,,,c,韮澤　雄也,800
55,松山　竜平,,,,,,,,,,,,,,,,,,,c,松山　竜平,3500
56,久保　修,,,,,,,,,,,,,,,,,,,c,久保　修,700
57,持丸　泰輝,,,,,,,,,,,,,,,,,,,c,持丸　泰輝,550
58,仲田　侑仁,,,,,,,,,,,,,,,,,,,c,仲田　侑仁,500
62,清水　叶人,,,,,,,,,,,,,,,,,,,c,清水　叶人,500
63,内田　湘大,,,,,,,,,,,,,,,,,,,c,内田　湘大,600
64,髙木　翔斗,,,,,,,,,,,,,,,,,,,c,髙木　翔斗,500
94,佐藤　啓介,,,,,,,,,,,,,,,,,,,c,佐藤　啓介,700
97,中村　貴浩,,,,,,,,,,,,,,,,,,,c,中村　貴浩,800
5,近本　光司,0.292,45.0,209.0,192.0,56.0,3.0,12.0,10.0,16.0,1.0,23.0,0.0,0.0,0.349,0.38,0.729,5.27,5.1,t,近本　光司,37000
51,中野　拓夢,0.302,45.0,201.0,162.0,49.0,0.0,10.0,7.0,20.0,2.0,23.0,16.0,2.0,0.384,0.358,0.742,5.13,4.96,t,中野　拓夢,14500
1,森下　翔太,0.294,45.0,197.0,180.0,53.0,7.0,31.0,1.0,12.0,3.0,28.0,0.0,9.0,0.345,0.456,0.801,4.97,4.95,t,森下　翔太,7800
3,大山　悠輔,0.26,45.0,191.0,169.0,44.0,2.0,22.0,3.0,21.0,0.0,25.0,0.0,6.0,0.34,0.367,0.707,4.37,4.26,t,大山　悠輔,34000
8,佐藤　輝明,0.285,44.0,186.0,172.0,49.0,12.0,34.0,5.0,14.0,0.0,49.0,0.0,1.0,0.339,0.605,0.943,7.68,7.36,t,佐藤　輝明,15000
58,前川　右京,0.237,39.0,143.0,131.0,31.0,0.0,8.0,0.0,7.0,5.0,22.0,0.0,0.0,0.301,0.313,0.614,3.4,3.26,t,前川　右京,3200
12,坂本　誠志郎,0.202,35.0,108.0,89.0,18.0,0.0,6.0,0.0,14.0,1.0,22.0,4.0,2.0,0.317,0.225,0.542,2.49,2.56,t,坂本　誠志郎,10000
0,木浪　聖也,0.226,35.0,103.0,93.0,21.0,0.0,10.0,1.0,5.0,2.0,24.0,3.0,0.0,0.28,0.312,0.592,3.11,2.98,t,木浪　聖也,6500
38,小幡　竜平,0.222,25.0,84.0,72.0,16.0,0.0,5.0,3.0,5.0,0.0,17.0,5.0,2.0,0.266,0.25,0.516,2.1,2.29,t,小幡　竜平,2500
2,梅野　隆太郎,0.228,24.0,65.0,57.0,13.0,0.0,2.0,1.0,4.0,0.0,13.0,4.0,1.0,0.279,0.263,0.542,2.34,2.27,t,梅野　隆太郎,16000
33,糸原　健斗,0.227,24.0,24.0,22.0,5.0,0.0,1.0,1.0,2.0,0.0,5.0,0.0,1.0,0.292,0.227,0.519,2.05,2.13,t,糸原　健斗,7000
67,髙寺　望夢,0.1,11.0,24.0,20.0,2.0,1.0,1.0,1.0,1.0,0.0,7.0,3.0,0.0,0.143,0.25,0.393,0.83,1.16,t,髙寺　望夢,650
25,渡邉　諒,0.2,18.0,20.0,15.0,3.0,0.0,1.0,0.0,5.0,0.0,5.0,0.0,1.0,0.4,0.2,0.6,3.33,3.36,t,渡邉　諒,4000
53,島田　海吏,0.0,11.0,12.0,11.0,0.0,0.0,0.0,1.0,0.0,0.0,0.0,1.0,0.0,0.0,0.0,0.0,-2.0,-1.73,t,島田　海吏,3200
68,中川　勇斗,0.1,7.0,12.0,10.0,1.0,0.0,0.0,0.0,2.0,0.0,2.0,0.0,0.0,0.25,0.1,0.35,0.69,1.05,t,中川　勇斗,540
55,楠本　泰史,0.0,10.0,10.0,9.0,0.0,0.0,0.0,0.0,1.0,0.0,4.0,0.0,0.0,0.1,0.0,0.1,-1.88,-1.5,t,楠本　泰史,1800
94,原口　文仁,0.0,6.0,6.0,5.0,0.0,0.0,0.0,0.0,1.0,0.0,2.0,0.0,2.0,0.167,0.0,0.167,-3.41,-3.7,t,原口　文仁,4000
61,豊田　寛,0.2,3.0,5.0,5.0,1.0,0.0,0.0,0.0,0.0,0.0,0.0,0.0,0.0,0.2,0.2,0.4,0.82,0.95,t,豊田　寛,830
4,熊谷　敬宥,0.25,14.0,4.0,4.0,1.0,0.0,0.0,2.0,0.0,0.0,1.0,0.0,0.0,0.25,0.25,0.5,5.36,5.22,t,熊谷　敬宥,1900
95,ヘルナンデス,0.5,4.0,4.0,4.0,2.0,0.0,0.0,0.0,0.0,0.0,1.0,0.0,0.0,0.5,0.5,1.0,12.17,10.94,t,ヘルナンデス,4700
95,ヘルナンデス,0.5,4.0,4.0,4.0,2.0,0.0,0.0,0.0,0.0,0.0,1.0,0.0,0.0,0.5,0.5,1.0,12.17,10.94,t,ヘルナンデス,12000
95,ヘルナンデス,0.5,4.0,4.0,4.0,2.0,0.0,0.0,0.0,0.0,0.0,1.0,0.0,0.0,0.5,0.5,1.0,12.17,10.94,t,ヘルナンデス,25000
39,榮枝　裕貴,0.0,2.0,4.0,4.0,0.0,0.0,0.0,0.0,0.0,0.0,2.0,0.0,0.0,0.0,0.0,0.0,-2.81,-2.57,t,榮枝　裕貴,780
32,井上　広大,0.0,1.0,3.0,3.0,0.0,0.0,0.0,1.0,0.0,0.0,2.0,0.0,0.0,0.0,0.0,0.0,-1.31,-0.99,t,井上　広大,1100
62,植田　海,0.0,14.0,2.0,2.0,0.0,0.0,0.0,2.0,0.0,0.0,1.0,0.0,0.0,0.0,0.0,0.0,1.8,2.3,t,植田　海,2100
60,小野寺　暖,0.0,2.0,0.0,0.0,0.0,0.0,0.0,0.0,0.0,0.0,0.0,0.0,0.0,0.0,0.0,0.0,0.0,0.0,t,小野寺　暖,1500
40,井坪　陽生,,,,,,,,,,,,,,,,,,,t,井坪　陽生,600
43,町田　隼乙,,,,,,,,,,,,,,,,,,,t,町田　隼乙,750
44,戸井　零士,,,,,,,,,,,,,,,,,,,t,戸井　零士,500
45,佐野　大陽,,,,,,,,,,,,,,,,,,,t,佐野　大陽,700
52,山田　脩也,,,,,,,,,,,,,,,,,,,t,山田　脩也,600
56,百﨑　蒼生,,,,,,,,,,,,,,,,,,,t,百﨑　蒼生,500
57,長坂　拳弥,,,,,,,,,,,,,,,,,,,t,長坂　拳弥,1200
59,藤田　健斗,,,,,,,,,,,,,,,,,,,t,藤田　健斗,540
97,野口　恭佑,,,,,,,,,,,,,,,,,,,t,野口　恭佑,700
2,牧　秀悟,0.295,43.0,189.0,173.0,51.0,7.0,31.0,2.0,10.0,5.0,34.0,0.0,1.0,0.349,0.497,0.846,6.62,6.36,yb,牧　秀悟,25000
7,佐野　恵太,0.272,41.0,164.0,147.0,40.0,1.0,21.0,0.0,16.0,0.0,12.0,0.0,2.0,0.341,0.32,0.661,4.21,4.19,yb,佐野　恵太,17000
4,度会　隆輝,0.248,33.0,128.0,117.0,29.0,3.0,10.0,0.0,8.0,1.0,15.0,1.0,3.0,0.299,0.376,0.675,3.57,3.66,yb,度会　隆輝,2600
26,三森　大貴,0.225,36.0,121.0,111.0,25.0,0.0,6.0,8.0,9.0,0.0,21.0,0.0,1.0,0.281,0.297,0.578,3.04,3.04,yb,三森　大貴,4300
50,山本　祐大,0.24,31.0,109.0,100.0,24.0,0.0,19.0,0.0,4.0,1.0,13.0,1.0,4.0,0.269,0.31,0.579,2.37,2.57,yb,山本　祐大,5400
51,宮﨑　敏郎,0.283,27.0,102.0,92.0,26.0,1.0,10.0,0.0,8.0,1.0,14.0,0.0,5.0,0.343,0.37,0.713,4.02,3.96,yb,宮﨑　敏郎,20000
58,梶原　昂希,0.229,26.0,101.0,96.0,22.0,1.0,6.0,1.0,3.0,2.0,23.0,0.0,1.0,0.267,0.313,0.58,2.64,2.63,yb,梶原　昂希,2200
61,蝦名　達夫,0.25,31.0,89.0,80.0,20.0,0.0,6.0,1.0,6.0,1.0,16.0,0.0,3.0,0.303,0.338,0.641,3.13,3.26,yb,蝦名　達夫,2700
3,オースティン,0.25,21.0,87.0,76.0,19.0,2.0,12.0,0.0,11.0,0.0,9.0,0.0,5.0,0.345,0.408,0.753,4.21,4.05,yb,オースティン,51200
1,桑原　将志,0.267,15.0,68.0,60.0,16.0,0.0,3.0,4.0,4.0,1.0,8.0,3.0,2.0,0.323,0.317,0.64,3.71,3.55,yb,桑原　将志,12000
25,筒香　嘉智,0.115,19.0,58.0,52.0,6.0,1.0,2.0,0.0,6.0,0.0,17.0,0.0,2.0,0.207,0.192,0.399,0.39,0.66,yb,筒香　嘉智,30000
0,林　琢真,0.217,32.0,56.0,46.0,10.0,0.0,1.0,6.0,8.0,1.0,11.0,1.0,2.0,0.345,0.283,0.628,3.72,3.68,yb,林　琢真,1900
5,松尾　汐恩,0.375,24.0,54.0,48.0,18.0,3.0,9.0,0.0,2.0,1.0,3.0,0.0,1.0,0.389,0.625,1.014,8.9,9.15,yb,松尾　汐恩,1100
9,京田　陽太,0.196,26.0,53.0,51.0,10.0,0.0,2.0,0.0,1.0,1.0,14.0,0.0,1.0,0.226,0.235,0.462,1.2,1.25,yb,京田　陽太,6000
6,森　敬斗,0.175,13.0,43.0,40.0,7.0,0.0,4.0,0.0,2.0,0.0,11.0,0.0,0.0,0.209,0.225,0.434,1.21,1.61,yb,森　敬斗,2300
44,石上　泰輝,0.129,18.0,36.0,31.0,4.0,0.0,2.0,1.0,5.0,0.0,12.0,0.0,0.0,0.25,0.129,0.379,1.04,1.26,yb,石上　泰輝,950
10,戸柱　恭孝,0.286,14.0,23.0,21.0,6.0,0.0,3.0,0.0,1.0,0.0,4.0,0.0,0.0,0.304,0.333,0.638,3.95,4.3,yb,戸柱　恭孝,7500
95,九鬼　隆平,0.273,11.0,11.0,11.0,3.0,0.0,0.0,0.0,0.0,0.0,2.0,0.0,0.0,0.273,0.455,0.727,4.61,4.39,yb,九鬼　隆平,650
28,勝又　温史,0.333,7.0,9.0,9.0,3.0,0.0,0.0,0.0,0.0,0.0,1.0,0.0,0.0,0.333,0.333,0.667,4.51,4.28,yb,勝又　温史,620
31,柴田　竜拓,0.0,16.0,7.0,5.0,0.0,0.0,0.0,1.0,1.0,0.0,2.0,1.0,0.0,0.167,0.0,0.167,0.09,0.41,yb,柴田　竜拓,4700
8,神里　和毅,0.0,23.0,4.0,3.0,0.0,0.0,0.0,1.0,1.0,0.0,2.0,0.0,0.0,0.25,0.0,0.25,1.63,2.07,yb,神里　和毅,3000
63,関根　大気,0.0,1.0,0.0,0.0,0.0,0.0,0.0,0.0,0.0,0.0,0.0,0.0,0.0,0.0,0.0,0.0,0.0,0.0,yb,関根　大気,5350
29,伊藤　光,,,,,,,,,,,,,,,,,,,yb,伊藤　光,5200
32,益子　京右,,,,,,,,,,,,,,,,,,,yb,益子　京右,560
33,武田　陸玖,,,,,,,,,,,,,,,,,,,yb,武田　陸玖,560
37,加藤　響,,,,,,,,,,,,,,,,,,,yb,加藤　響,750
55,井上　絢登,,,,,,,,,,,,,,,,,,,yb,井上　絢登,900
56,田内　真翔,,,,,,,,,,,,,,,,,,,yb,田内　真翔,500
57,東妻　純平,,,,,,,,,,,,,,,,,,,yb,東妻　純平,600
60,知野　直人,,,,,,,,,,,,,,,,,,,yb,知野　直人,1200
2,吉川　尚輝,0.294,47.0,206.0,187.0,55.0,2.0,21.0,2.0,15.0,2.0,25.0,0.0,3.0,0.35,0.39,0.74,5.2,5.11,g,吉川　尚輝,20000
13,キャベッジ,0.279,38.0,164.0,147.0,41.0,6.0,17.0,3.0,13.0,3.0,48.0,1.0,2.0,0.35,0.463,0.812,5.55,5.43,g,キャベッジ,20000
10,甲斐　拓也,0.289,41.0,162.0,142.0,41.0,3.0,11.0,2.0,18.0,0.0,35.0,0.0,5.0,0.364,0.373,0.737,4.79,4.8,g,甲斐　拓也,21000
35,泉口　友汰,0.271,37.0,162.0,144.0,39.0,2.0,10.0,0.0,13.0,1.0,17.0,4.0,2.0,0.335,0.34,0.676,3.68,3.66,g,泉口　友汰,2200
59,若林　楽人,0.277,41.0,141.0,130.0,36.0,3.0,12.0,6.0,7.0,1.0,25.0,2.0,0.0,0.317,0.4,0.717,5.09,5.02,g,若林　楽人,1800
42,ヘルナンデス,0.216,38.0,138.0,125.0,27.0,2.0,8.0,0.0,12.0,1.0,27.0,0.0,4.0,0.29,0.32,0.61,2.61,2.62,g,ヘルナンデス,4700
42,ヘルナンデス,0.216,38.0,138.0,125.0,27.0,2.0,8.0,0.0,12.0,1.0,27.0,0.0,4.0,0.29,0.32,0.61,2.61,2.62,g,ヘルナンデス,12000
42,ヘルナンデス,0.216,38.0,138.0,125.0,27.0,2.0,8.0,0.0,12.0,1.0,27.0,0.0,4.0,0.29,0.32,0.61,2.61,2.62,g,ヘルナンデス,25000
25,岡本　和真,0.308,32.0,134.0,117.0,36.0,8.0,25.0,1.0,12.0,3.0,16.0,0.0,1.0,0.381,0.598,0.979,8.26,8.12,g,岡本　和真,54000
61,増田　陸,0.304,25.0,84.0,79.0,24.0,2.0,5.0,0.0,5.0,0.0,18.0,0.0,0.0,0.345,0.43,0.776,5.54,5.28,g,増田　陸,1300
5,門脇　誠,0.21,27.0,71.0,62.0,13.0,0.0,3.0,3.0,3.0,1.0,15.0,5.0,2.0,0.258,0.274,0.532,1.88,1.89,g,門脇　誠,4500
40,中山　礼都,0.25,29.0,69.0,64.0,16.0,0.0,2.0,0.0,3.0,2.0,13.0,0.0,1.0,0.304,0.297,0.601,2.64,2.61,g,中山　礼都,2260
24,大城　卓三,0.149,23.0,49.0,47.0,7.0,2.0,5.0,0.0,2.0,0.0,20.0,0.0,2.0,0.184,0.298,0.482,0.88,1.09,g,大城　卓三,16000
6,坂本　勇人,0.133,15.0,48.0,45.0,6.0,0.0,3.0,0.0,1.0,0.0,11.0,0.0,3.0,0.146,0.178,0.324,-0.61,-0.12,g,坂本　勇人,50000
6,坂本　勇人,0.133,15.0,48.0,45.0,6.0,0.0,3.0,0.0,1.0,0.0,11.0,0.0,3.0,0.146,0.178,0.324,-0.61,-0.12,g,坂本　勇人,380
51,浅野　翔吾,0.19,14.0,46.0,42.0,8.0,2.0,4.0,0.0,2.0,1.0,12.0,0.0,0.0,0.239,0.405,0.644,3.34,3.61,g,浅野　翔吾,1800
27,岸田　行倫,0.214,15.0,31.0,28.0,6.0,1.0,4.0,0.0,1.0,0.0,4.0,2.0,0.0,0.241,0.321,0.563,2.49,2.64,g,岸田　行倫,4300
44,佐々木　俊輔,0.091,11.0,25.0,22.0,2.0,0.0,0.0,0.0,2.0,0.0,8.0,1.0,0.0,0.167,0.091,0.258,-0.47,-0.18,g,佐々木　俊輔,1840
12,萩尾　匡也,0.174,9.0,25.0,23.0,4.0,0.0,0.0,1.0,1.0,0.0,5.0,1.0,0.0,0.208,0.174,0.382,0.93,0.97,g,萩尾　匡也,1900
52,リチャード,0.15,7.0,22.0,20.0,3.0,2.0,4.0,0.0,2.0,0.0,8.0,0.0,0.0,0.227,0.45,0.677,3.46,3.92,g,リチャード,1000
7,長野　久義,0.105,13.0,20.0,19.0,2.0,0.0,0.0,0.0,1.0,0.0,7.0,0.0,0.0,0.15,0.105,0.255,-0.67,-0.4,g,長野　久義,5000
69,笹原　操希,0.105,9.0,20.0,19.0,2.0,0.0,0.0,0.0,1.0,0.0,7.0,0.0,0.0,0.15,0.105,0.255,-0.67,-0.4,g,笹原　操希,420
50,オコエ　瑠偉,0.133,11.0,15.0,15.0,2.0,0.0,0.0,0.0,0.0,0.0,5.0,0.0,0.0,0.133,0.133,0.267,-0.65,-0.44,g,オコエ　瑠偉,2400
60,荒巻　悠,0.182,6.0,13.0,11.0,2.0,0.0,0.0,0.0,2.0,0.0,5.0,0.0,0.0,0.308,0.182,0.49,2.24,2.49,g,荒巻　悠,1000
32,浦田　俊輔,0.091,8.0,11.0,11.0,1.0,0.0,0.0,0.0,0.0,0.0,1.0,0.0,1.0,0.091,0.091,0.182,-2.07,-1.91,g,浦田　俊輔,1200
38,岡田　悠希,0.143,5.0,8.0,7.0,1.0,0.0,0.0,0.0,1.0,0.0,4.0,0.0,0.0,0.25,0.143,0.393,0.91,1.22,g,岡田　悠希,850
55,秋広　優人,0.143,5.0,8.0,7.0,1.0,0.0,0.0,0.0,1.0,0.0,0.0,0.0,0.0,0.25,0.143,0.393,1.07,1.35,g,秋広　優人,2450
0,増田　大輝,0.167,16.0,6.0,6.0,1.0,0.0,0.0,1.0,0.0,0.0,3.0,0.0,0.0,0.167,0.167,0.333,-0.84,-0.5,g,増田　大輝,2450
43,重信　慎之介,0.5,7.0,2.0,2.0,1.0,0.0,0.0,0.0,0.0,0.0,1.0,0.0,0.0,0.5,0.5,1.0,12.04,10.8,g,重信　慎之介,3000
37,郡　拓也,0.0,3.0,2.0,2.0,0.0,0.0,0.0,0.0,0.0,0.0,0.0,0.0,0.0,0.0,0.0,0.0,-2.7,-2.43,g,郡　拓也,880
0,湯浅　大,0.0,4.0,1.0,1.0,0.0,0.0,0.0,0.0,0.0,0.0,0.0,0.0,0.0,0.0,0.0,0.0,-2.7,-2.43,g,湯浅　大,1500
8,丸　佳浩,,,,,,,,,,,,,,,,,,,g,丸　佳浩,32000
22,小林　誠司,,,,,,,,,,,,,,,,,,,g,小林　誠司,4000
23,石塚　裕惺,,,,,,,,,,,,,,,,,,,g,石塚　裕惺,1200
67,山瀬　慎之助,,,,,,,,,,,,,,,,,,,g,山瀬　慎之助,680
94,喜多　隆介,,,,,,,,,,,,,,,,,,,g,喜多　隆介,640
1,岡林　勇希,0.277,44.0,196.0,177.0,49.0,0.0,4.0,7.0,17.0,0.0,15.0,1.0,0.0,0.338,0.373,0.711,5.15,4.93,d,岡林　勇希,7000
51,上林　誠知,0.27,43.0,153.0,141.0,38.0,5.0,20.0,8.0,6.0,1.0,34.0,4.0,0.0,0.302,0.433,0.735,4.71,4.68,d,上林　誠知,1750
4,カリステ,0.224,38.0,127.0,116.0,26.0,0.0,10.0,1.0,7.0,0.0,26.0,1.0,3.0,0.262,0.293,0.555,2.21,2.43,d,カリステ,9000
55,細川　成也,0.191,30.0,110.0,89.0,17.0,2.0,7.0,0.0,19.0,1.0,27.0,0.0,3.0,0.336,0.315,0.651,3.46,3.66,d,細川　成也,9200
24,ボスラー,0.2,29.0,106.0,100.0,20.0,2.0,11.0,0.0,5.0,1.0,26.0,0.0,2.0,0.245,0.32,0.565,2.29,2.33,d,ボスラー,10000
35,木下　拓哉,0.232,33.0,104.0,95.0,22.0,2.0,8.0,0.0,8.0,0.0,19.0,1.0,2.0,0.291,0.305,0.597,2.89,2.92,d,木下　拓哉,7000
60,山本　泰寛,0.216,35.0,96.0,88.0,19.0,2.0,5.0,0.0,1.0,0.0,18.0,7.0,1.0,0.225,0.33,0.554,2.14,2.16,d,山本　泰寛,2000
63,板山　祐太郎,0.203,29.0,80.0,74.0,15.0,2.0,5.0,0.0,5.0,0.0,23.0,1.0,2.0,0.253,0.324,0.577,2.32,2.38,d,板山　祐太郎,1400
5,村松　開人,0.138,20.0,75.0,65.0,9.0,0.0,2.0,2.0,4.0,2.0,14.0,4.0,0.0,0.211,0.169,0.38,0.9,1.06,d,村松　開人,3300
3,高橋　周平,0.25,27.0,65.0,60.0,15.0,0.0,5.0,0.0,5.0,0.0,11.0,0.0,1.0,0.308,0.3,0.608,3.23,3.09,d,高橋　周平,6000
6,中田　翔,0.169,22.0,65.0,59.0,10.0,2.0,4.0,0.0,6.0,0.0,11.0,0.0,1.0,0.246,0.322,0.568,2.38,2.49,d,中田　翔,30000
25,石川　昂弥,0.16,13.0,52.0,50.0,8.0,0.0,3.0,0.0,1.0,1.0,18.0,0.0,1.0,0.192,0.2,0.392,0.18,0.31,d,石川　昂弥,3000
2,田中　幹也,0.318,13.0,51.0,44.0,14.0,1.0,3.0,2.0,2.0,0.0,4.0,5.0,0.0,0.348,0.432,0.78,5.61,5.32,d,田中　幹也,1850
42,ブライト　健太,0.188,25.0,39.0,32.0,6.0,1.0,4.0,0.0,6.0,1.0,12.0,0.0,0.0,0.333,0.406,0.74,4.45,4.54,d,ブライト　健太,1350
45,土田　龍空,0.143,12.0,37.0,35.0,5.0,0.0,2.0,0.0,2.0,0.0,9.0,0.0,2.0,0.189,0.2,0.389,0.01,0.09,d,土田　龍空,1520
66,鵜飼　航丞,0.179,12.0,28.0,28.0,5.0,0.0,0.0,1.0,0.0,0.0,7.0,0.0,1.0,0.179,0.179,0.357,0.08,0.2,d,鵜飼　航丞,1130
39,宇佐見　真吾,0.2,9.0,22.0,20.0,4.0,0.0,0.0,0.0,2.0,0.0,6.0,0.0,0.0,0.273,0.2,0.473,1.84,2.01,d,宇佐見　真吾,4000
8,大島　洋平,0.118,15.0,18.0,17.0,2.0,0.0,1.0,0.0,1.0,0.0,2.0,0.0,0.0,0.167,0.118,0.284,-0.31,-0.05,d,大島　洋平,10000
9,石伊　雄太,0.188,7.0,17.0,16.0,3.0,0.0,1.0,0.0,0.0,0.0,7.0,1.0,0.0,0.188,0.188,0.375,0.48,0.6,d,石伊　雄太,1000
49,加藤　匠馬,0.182,19.0,14.0,11.0,2.0,0.0,0.0,0.0,1.0,0.0,4.0,2.0,0.0,0.25,0.182,0.432,1.3,1.42,d,加藤　匠馬,2200
97,樋口　正修,0.0,15.0,13.0,11.0,0.0,0.0,0.0,3.0,1.0,0.0,5.0,1.0,0.0,0.083,0.0,0.083,-1.88,-1.45,d,樋口　正修,531
0,辻本　倫太郎,0.091,8.0,12.0,11.0,1.0,0.0,0.0,0.0,0.0,0.0,4.0,1.0,1.0,0.091,0.091,0.182,-1.85,-1.71,d,辻本　倫太郎,850
53,駿太,0.125,9.0,9.0,8.0,1.0,0.0,0.0,0.0,0.0,0.0,2.0,1.0,0.0,0.125,0.125,0.25,-0.53,-0.37,d,駿太,1900
95,ロドリゲス,0.0,3.0,5.0,4.0,0.0,0.0,0.0,0.0,0.0,0.0,1.0,1.0,1.0,0.0,0.0,0.0,-3.2,-3.15,d,ロドリゲス,1500
95,ロドリゲス,0.0,3.0,5.0,4.0,0.0,0.0,0.0,0.0,0.0,0.0,1.0,1.0,1.0,0.0,0.0,0.0,-3.2,-3.15,d,ロドリゲス,1000
37,濱　将乃介,0.5,2.0,2.0,2.0,1.0,0.0,1.0,0.0,0.0,0.0,0.0,0.0,0.0,0.5,0.5,1.0,12.3,11.07,d,濱　将乃介,650
0,尾田　剛樹,,,,,,,,,,,,,,,,,,,d,尾田　剛樹,830
7,福永　裕基,,,,,,,,,,,,,,,,,,,d,福永　裕基,3500
27,津田　啓史,,,,,,,,,,,,,,,,,,,d,津田　啓史,1000
31,森　駿太,,,,,,,,,,,,,,,,,,,d,森　駿太,600
43,味谷　大誠,,,,,,,,,,,,,,,,,,,d,味谷　大誠,610
44,川越　誠司,,,,,,,,,,,,,,,,,,,d,川越　誠司,1500
57,山浅　龍之介,,,,,,,,,,,,,,,,,,,d,山浅　龍之介,610
58,石橋　康太,,,,,,,,,,,,,,,,,,,d,石橋　康太,1150
13,オスナ,0.255,40.0,165.0,153.0,39.0,2.0,17.0,0.0,11.0,0.0,17.0,0.0,5.0,0.303,0.34,0.643,3.33,3.29,s,オスナ,46500
13,オスナ,0.255,40.0,165.0,153.0,39.0,2.0,17.0,0.0,11.0,0.0,17.0,0.0,5.0,0.303,0.34,0.643,3.33,3.29,s,オスナ,100000
25,サンタナ,0.286,39.0,163.0,140.0,40.0,3.0,11.0,1.0,21.0,2.0,40.0,0.0,3.0,0.387,0.407,0.794,6.0,5.81,s,サンタナ,38750
8,茂木　栄五郎,0.258,36.0,138.0,120.0,31.0,5.0,16.0,0.0,15.0,2.0,40.0,1.0,2.0,0.35,0.4,0.75,4.9,4.93,s,茂木　栄五郎,7000
1,山田　哲人,0.214,36.0,131.0,117.0,25.0,3.0,11.0,0.0,13.0,0.0,20.0,0.0,3.0,0.29,0.325,0.615,3.04,3.17,s,山田　哲人,50000
0,赤羽　由紘,0.214,34.0,119.0,112.0,24.0,0.0,7.0,2.0,3.0,0.0,25.0,3.0,1.0,0.233,0.268,0.501,1.76,1.83,s,赤羽　由紘,900
3,西川　遥輝,0.188,28.0,96.0,85.0,16.0,0.0,6.0,1.0,11.0,0.0,23.0,0.0,1.0,0.281,0.224,0.505,2.14,2.24,s,西川　遥輝,3300
64,岩田　幸宏,0.253,32.0,87.0,79.0,20.0,0.0,1.0,3.0,5.0,2.0,9.0,1.0,0.0,0.314,0.316,0.63,3.83,3.79,s,岩田　幸宏,1000
7,長岡　秀樹,0.194,19.0,78.0,72.0,14.0,0.0,2.0,0.0,2.0,1.0,6.0,2.0,3.0,0.224,0.222,0.446,0.88,1.03,s,長岡　秀樹,9200
27,中村　悠平,0.15,28.0,74.0,60.0,9.0,0.0,4.0,0.0,8.0,2.0,8.0,4.0,3.0,0.271,0.167,0.438,1.0,1.17,s,中村　悠平,15000
2,古賀　優大,0.276,23.0,63.0,58.0,16.0,1.0,4.0,0.0,2.0,1.0,7.0,2.0,4.0,0.311,0.379,0.691,3.16,3.03,s,古賀　優大,1350
33,内山　壮真,0.25,17.0,55.0,48.0,12.0,2.0,6.0,2.0,5.0,0.0,10.0,0.0,0.0,0.309,0.417,0.726,5.11,5.54,s,内山　壮真,2200
60,武岡　龍世,0.154,20.0,43.0,39.0,6.0,0.0,2.0,0.0,2.0,0.0,6.0,2.0,0.0,0.195,0.231,0.426,1.05,1.08,s,武岡　龍世,1600
38,北村　拓己,0.343,13.0,43.0,35.0,12.0,1.0,2.0,0.0,2.0,3.0,7.0,3.0,1.0,0.425,0.457,0.882,6.18,5.94,s,北村　拓己,1700
63,増田　珠,0.235,23.0,36.0,34.0,8.0,0.0,4.0,0.0,1.0,0.0,7.0,1.0,0.0,0.257,0.412,0.669,3.69,3.5,s,増田　珠,900
10,宮本　丈,0.296,26.0,35.0,27.0,8.0,0.0,3.0,0.0,8.0,0.0,6.0,0.0,1.0,0.457,0.333,0.79,6.65,6.49,s,宮本　丈,2300
4,丸山　和郁,0.105,11.0,19.0,19.0,2.0,0.0,1.0,0.0,0.0,0.0,7.0,0.0,0.0,0.105,0.105,0.211,-1.17,-0.94,s,丸山　和郁,2600
51,濱田　太貴,0.059,10.0,17.0,17.0,1.0,0.0,0.0,0.0,0.0,0.0,3.0,0.0,0.0,0.059,0.059,0.118,-1.89,-1.62,s,濱田　太貴,1600
32,松本　直樹,0.133,6.0,16.0,15.0,2.0,0.0,0.0,0.0,1.0,0.0,2.0,0.0,2.0,0.188,0.2,0.388,-0.7,-0.67,s,松本　直樹,1900
67,伊藤　琉偉,0.25,15.0,13.0,12.0,3.0,0.0,1.0,1.0,1.0,0.0,6.0,0.0,0.0,0.308,0.25,0.558,3.46,3.48,s,伊藤　琉偉,750
93,橋本　星哉,0.1,12.0,11.0,10.0,1.0,0.0,0.0,0.0,1.0,0.0,3.0,0.0,0.0,0.182,0.1,0.282,-0.29,0.03,s,橋本　星哉,550
0,並木　秀尊,0.0,16.0,5.0,5.0,0.0,0.0,0.0,1.0,0.0,0.0,0.0,0.0,0.0,0.0,0.0,0.0,-3.05,-2.66,s,並木　秀尊,1400
55,村上　宗隆,0.25,1.0,4.0,4.0,1.0,0.0,0.0,0.0,0.0,0.0,2.0,0.0,0.0,0.25,0.25,0.5,1.89,1.89,s,村上　宗隆,60000
37,山野辺　翔,0.0,1.0,1.0,1.0,0.0,0.0,0.0,0.0,0.0,0.0,1.0,0.0,0.0,0.0,0.0,0.0,-2.92,-2.7,s,山野辺　翔,1200
5,川端　慎吾,,,,,,,,,,,,,,,,,,,s,川端　慎吾,2400
9,塩見　泰隆,,,,,,,,,,,,,,,,,,,s,塩見　泰隆,5700
31,モイセエフ　ニキータ,,,,,,,,,,,,,,,,,,,s,モイセエフ　ニキータ,650
36,西村　瑠伊斗,,,,,,,,,,,,,,,,,,,s,西村　瑠伊斗,670
42,澤井　廉,,,,,,,,,,,,,,,,,,,s,澤井　廉,1000
46,太田　賢吾,,,,,,,,,,,,,,,,,,,s,太田　賢吾,1200
50,北村　恵吾,,,,,,,,,,,,,,,,,,,s,北村　恵吾,850
54,田中　陽翔,,,,,,,,,,,,,,,,,,,s,田中　陽翔,550
57,矢野　泰二郎,,,,,,,,,,,,,,,,,,,s,矢野　泰二郎,700
65,鈴木　叶,,,,,,,,,,,,,,,,,,,s,鈴木　叶,550
90,中川　拓真,,,,,,,,,,,,,,,,,,,s,中川　拓真,500
5,山川　穂高,0.199,45.0,185.0,166.0,33.0,8.0,24.0,0.0,14.0,3.0,49.0,0.0,3.0,0.27,0.367,0.638,3.2,3.49,h,山川　穂高,45000
7,中村　晃,0.285,41.0,168.0,144.0,41.0,1.0,9.0,1.0,22.0,0.0,17.0,2.0,2.0,0.38,0.347,0.727,5.16,5.01,h,中村　晃,10000
8,牧原　大成,0.27,40.0,134.0,126.0,34.0,0.0,14.0,4.0,2.0,0.0,21.0,4.0,1.0,0.277,0.357,0.634,3.61,3.6,h,牧原　大成,10000
32,柳町　達,0.308,35.0,127.0,104.0,32.0,3.0,15.0,1.0,22.0,0.0,27.0,1.0,4.0,0.429,0.442,0.871,6.62,6.43,h,柳町　達,4200
24,栗原　陵矢,0.192,27.0,117.0,99.0,19.0,2.0,7.0,0.0,16.0,1.0,22.0,0.0,1.0,0.308,0.263,0.57,2.83,3.12,h,栗原　陵矢,15000
23,周東　佑京,0.32,22.0,110.0,100.0,32.0,0.0,13.0,7.0,9.0,1.0,22.0,0.0,0.0,0.382,0.41,0.792,6.52,6.1,h,周東　佑京,11000
6,今宮　健太,0.241,23.0,96.0,83.0,20.0,1.0,5.0,0.0,9.0,1.0,13.0,2.0,3.0,0.319,0.313,0.632,3.24,3.35,h,今宮　健太,30000
33,廣瀨　隆太,0.241,25.0,88.0,79.0,19.0,1.0,7.0,1.0,7.0,0.0,26.0,1.0,2.0,0.299,0.304,0.603,3.01,3.16,h,廣瀨　隆太,1400
30,佐藤　直樹,0.219,31.0,86.0,73.0,16.0,0.0,5.0,4.0,7.0,0.0,24.0,6.0,2.0,0.288,0.342,0.63,3.22,3.14,h,佐藤　直樹,1400
99,野村　勇,0.309,31.0,79.0,68.0,21.0,4.0,6.0,6.0,8.0,1.0,20.0,2.0,1.0,0.39,0.559,0.948,7.63,7.32,h,野村　勇,2100
62,海野　隆司,0.188,30.0,75.0,69.0,13.0,0.0,5.0,0.0,1.0,0.0,15.0,5.0,1.0,0.2,0.261,0.461,1.17,1.18,h,海野　隆司,2600
31,正木　智也,0.259,17.0,65.0,58.0,15.0,2.0,8.0,1.0,5.0,0.0,12.0,0.0,2.0,0.308,0.362,0.67,3.75,4.19,h,正木　智也,3000
12,嶺井　博希,0.245,21.0,55.0,49.0,12.0,3.0,12.0,0.0,0.0,2.0,11.0,3.0,2.0,0.269,0.449,0.718,3.5,3.8,h,嶺井　博希,7500
57,緒方　理貢,0.22,35.0,53.0,50.0,11.0,0.0,5.0,2.0,1.0,0.0,6.0,2.0,2.0,0.235,0.28,0.515,0.97,1.04,h,緒方　理貢,1300
0,川瀬　晃,0.234,29.0,50.0,47.0,11.0,1.0,5.0,1.0,1.0,0.0,7.0,2.0,1.0,0.25,0.383,0.633,3.06,2.94,h,川瀬　晃,3800
9,柳田　悠岐,0.286,11.0,38.0,35.0,10.0,2.0,6.0,0.0,3.0,0.0,7.0,0.0,1.0,0.342,0.486,0.828,5.71,5.56,h,柳田　悠岐,47000
44,笹川　吉康,0.147,13.0,35.0,34.0,5.0,0.0,2.0,1.0,0.0,0.0,9.0,0.0,1.0,0.143,0.147,0.29,-0.45,0.0,h,笹川　吉康,800
0,渡邉　陸,0.214,17.0,32.0,28.0,6.0,0.0,5.0,0.0,3.0,1.0,12.0,0.0,0.0,0.313,0.214,0.527,2.63,2.8,h,渡邉　陸,780
4,ダウンズ,0.222,12.0,31.0,27.0,6.0,0.0,1.0,2.0,4.0,0.0,6.0,0.0,0.0,0.323,0.333,0.656,4.63,4.42,h,ダウンズ,9000
55,石塚　綜一郎,0.2,12.0,29.0,25.0,5.0,0.0,2.0,0.0,0.0,4.0,9.0,0.0,1.0,0.31,0.28,0.59,2.67,2.65,h,石塚　綜一郎,700
52,秋広　優人,0.25,7.0,23.0,20.0,5.0,0.0,0.0,0.0,2.0,1.0,3.0,0.0,1.0,0.348,0.3,0.648,3.45,3.38,h,秋広　優人,2450
52,リチャード,0.091,6.0,22.0,22.0,2.0,0.0,0.0,0.0,0.0,0.0,12.0,0.0,1.0,0.091,0.182,0.273,-1.13,-1.07,h,リチャード,1000
3,近藤　健介,0.333,3.0,15.0,12.0,4.0,0.0,1.0,0.0,2.0,0.0,2.0,0.0,0.0,0.4,0.333,0.733,6.16,6.93,h,近藤　健介,55000
77,山本　恵大,0.0,4.0,11.0,9.0,0.0,0.0,1.0,0.0,1.0,1.0,3.0,0.0,1.0,0.182,0.0,0.182,-1.75,-1.4,h,山本　恵大,400
45,谷川原　健太,0.0,4.0,8.0,5.0,0.0,0.0,0.0,0.0,3.0,0.0,3.0,0.0,0.0,0.375,0.0,0.375,2.23,2.97,h,谷川原　健太,1500
25,庄子　雄大,0.0,9.0,2.0,2.0,0.0,0.0,0.0,0.0,0.0,0.0,1.0,0.0,0.0,0.0,0.0,0.0,-2.81,-2.57,h,庄子　雄大,1200
61,川村　友斗,0.0,3.0,0.0,0.0,0.0,0.0,0.0,0.0,0.0,0.0,0.0,0.0,0.0,0.0,0.0,0.0,0.0,0.0,h,川村　友斗,2050
22,牧原　巧汰,,,,,,,,,,,,,,,,,,,h,牧原　巧汰,550
36,イヒネ　イツア,,,,,,,,,,,,,,,,,,,h,イヒネ　イツア,800
43,井上　朋也,,,,,,,,,,,,,,,,,,,h,井上　朋也,900
46,宇野　真仁朗,,,,,,,,,,,,,,,,,,,h,宇野　真仁朗,500
65,藤田　悠太郎,,,,,,,,,,,,,,,,,,,h,藤田　悠太郎,600
67,石見　颯真,,,,,,,,,,,,,,,,,,,h,石見　颯真,500
51,西川　愛也,0.277,44.0,196.0,177.0,49.0,3.0,12.0,11.0,15.0,3.0,17.0,0.0,1.0,0.342,0.407,0.749,5.42,5.26,l,西川　愛也,2200
26,ネビン,0.265,44.0,186.0,170.0,45.0,4.0,22.0,2.0,10.0,4.0,24.0,0.0,4.0,0.317,0.388,0.705,4.34,4.35,l,ネビン,25000
5,外崎　修汰,0.227,41.0,161.0,141.0,32.0,2.0,8.0,2.0,15.0,1.0,22.0,2.0,4.0,0.302,0.312,0.614,3.05,3.21,l,外崎　修汰,16000
63,長谷川　信哉,0.189,42.0,148.0,132.0,25.0,3.0,11.0,5.0,10.0,3.0,17.0,2.0,2.0,0.26,0.288,0.548,2.45,2.66,l,長谷川　信哉,1500
8,渡部　聖弥,0.331,34.0,141.0,136.0,45.0,4.0,17.0,1.0,4.0,1.0,21.0,0.0,5.0,0.355,0.485,0.84,5.64,5.34,l,渡部　聖弥,1250
6,源田　壮亮,0.237,29.0,112.0,97.0,23.0,0.0,6.0,5.0,10.0,1.0,15.0,3.0,1.0,0.312,0.32,0.632,3.89,3.88,l,源田　壮亮,30000
62,滝澤　夏央,0.258,36.0,109.0,93.0,24.0,0.0,4.0,5.0,9.0,0.0,12.0,7.0,1.0,0.324,0.28,0.603,3.41,3.35,l,滝澤　夏央,1100
22,古賀　悠斗,0.214,34.0,107.0,98.0,21.0,1.0,7.0,0.0,6.0,0.0,21.0,3.0,1.0,0.26,0.276,0.535,2.21,2.26,l,古賀　悠斗,4600
60,中村　剛也,0.284,29.0,85.0,74.0,21.0,3.0,8.0,0.0,11.0,0.0,19.0,0.0,1.0,0.376,0.473,0.849,6.64,6.39,l,中村　剛也,10000
40,セデーニョ,0.154,20.0,68.0,65.0,10.0,1.0,7.0,0.0,2.0,0.0,13.0,0.0,1.0,0.176,0.215,0.392,0.49,0.85,l,セデーニョ,16000
31,平沼　翔太,0.204,25.0,57.0,54.0,11.0,0.0,4.0,1.0,2.0,1.0,6.0,0.0,0.0,0.246,0.222,0.468,1.79,1.83,l,平沼　翔太,1900
30,元山　飛優,0.139,26.0,41.0,36.0,5.0,0.0,2.0,0.0,1.0,0.0,3.0,4.0,1.0,0.162,0.194,0.357,0.13,0.2,l,元山　飛優,1300
0,児玉　亮涼,0.194,18.0,36.0,31.0,6.0,0.0,3.0,0.0,4.0,0.0,3.0,1.0,0.0,0.286,0.258,0.544,2.19,2.25,l,児玉　亮涼,1200
67,野村　大樹,0.171,13.0,36.0,35.0,6.0,0.0,2.0,0.0,0.0,0.0,9.0,1.0,0.0,0.171,0.2,0.371,0.42,0.52,l,野村　大樹,1520
27,炭谷　銀仁朗,0.238,14.0,25.0,21.0,5.0,0.0,1.0,0.0,1.0,1.0,5.0,2.0,0.0,0.304,0.238,0.542,2.62,2.67,l,炭谷　銀仁朗,4000
53,牧野　翔矢,0.227,9.0,24.0,22.0,5.0,0.0,0.0,0.0,0.0,0.0,5.0,2.0,0.0,0.227,0.227,0.455,1.39,1.44,l,牧野　翔矢,720
35,松原　聖弥,0.273,8.0,24.0,22.0,6.0,0.0,0.0,0.0,0.0,0.0,6.0,2.0,0.0,0.273,0.318,0.591,2.88,2.72,l,松原　聖弥,2000
1,栗山　巧,0.087,11.0,23.0,23.0,2.0,0.0,0.0,0.0,0.0,0.0,7.0,0.0,1.0,0.087,0.087,0.174,-1.82,-1.62,l,栗山　巧,8000
9,蛭間　拓哉,0.167,4.0,13.0,12.0,2.0,0.0,0.0,0.0,0.0,0.0,2.0,1.0,0.0,0.167,0.167,0.333,0.17,0.29,l,蛭間　拓哉,2400
0,仲田　慶介,0.0,17.0,12.0,11.0,0.0,0.0,0.0,0.0,0.0,0.0,1.0,1.0,0.0,0.0,0.0,0.0,-2.4,-2.16,l,仲田　慶介,700
73,モンテル,0.143,4.0,7.0,7.0,1.0,0.0,0.0,0.0,0.0,0.0,4.0,0.0,0.0,0.143,0.143,0.286,-0.53,-0.32,l,モンテル,400
4,山野辺　翔,0.0,5.0,3.0,3.0,0.0,0.0,0.0,1.0,0.0,0.0,1.0,0.0,0.0,0.0,0.0,0.0,-1.24,-0.9,l,山野辺　翔,1200
68,岸　潤一郎,0.0,1.0,2.0,1.0,0.0,0.0,0.0,0.0,1.0,0.0,0.0,0.0,0.0,0.5,0.0,0.5,5.86,6.75,l,岸　潤一郎,2400
39,平沢　大河,0.0,1.0,1.0,1.0,0.0,0.0,0.0,0.0,0.0,0.0,1.0,0.0,0.0,0.0,0.0,0.0,-2.92,-2.7,l,平沢　大河,1600
2,齋藤　大翔,,,,,,,,,,,,,,,,,,,l,齋藤　大翔,1000
10,佐藤　龍世,,,,,,,,,,,,,,,,,,,l,佐藤　龍世,3400
32,山村　崇嘉,,,,,,,,,,,,,,,,,,,l,山村　崇嘉,1500
33,古川　雄大,,,,,,,,,,,,,,,,,,,l,古川　雄大,750
37,柘植　世那,,,,,,,,,,,,,,,,,,,l,柘植　世那,2100
44,林　冠臣,,,,,,,,,,,,,,,,,,,l,林　冠臣,1000
50,髙松　渡,,,,,,,,,,,,,,,,,,,l,髙松　渡,1100
59,古賀　輝希,,,,,,,,,,,,,,,,,,,l,古賀　輝希,750
64,龍山　暖,,,,,,,,,,,,,,,,,,,l,龍山　暖,600
65,古市　尊,,,,,,,,,,,,,,,,,,,l,古市　尊,650
66,渡部　健人,,,,,,,,,,,,,,,,,,,l,渡部　健人,1250
75,奥村　光一,,,,,,,,,,,,,,,,,,,l,奥村　光一,700
99,村田　怜音,,,,,,,,,,,,,,,,,,,l,村田　怜音,750
3,浅村　栄斗,0.247,43.0,175.0,150.0,37.0,4.0,18.0,0.0,21.0,3.0,34.0,0.0,7.0,0.349,0.367,0.715,4.19,4.24,e,浅村　栄斗,50000
1,宗山　塁,0.25,42.0,169.0,164.0,41.0,2.0,12.0,3.0,3.0,0.0,27.0,0.0,5.0,0.26,0.354,0.614,2.89,2.96,e,宗山　塁,1600
0,小深田　大翔,0.246,42.0,164.0,138.0,34.0,0.0,7.0,14.0,21.0,1.0,26.0,4.0,1.0,0.35,0.275,0.625,4.41,4.39,e,小深田　大翔,9000
6,村林　一輝,0.333,39.0,135.0,129.0,43.0,2.0,13.0,4.0,4.0,0.0,25.0,2.0,1.0,0.353,0.403,0.756,5.54,5.27,e,村林　一輝,5800
23,フランコ,0.22,41.0,132.0,123.0,27.0,1.0,7.0,0.0,8.0,0.0,21.0,0.0,1.0,0.265,0.285,0.55,2.49,2.6,e,フランコ,12000
8,辰己　涼介,0.2,31.0,119.0,105.0,21.0,2.0,7.0,7.0,9.0,4.0,29.0,0.0,2.0,0.286,0.286,0.571,3.07,3.28,e,辰己　涼介,13000
4,阿部　寿樹,0.239,35.0,114.0,92.0,22.0,3.0,8.0,1.0,21.0,0.0,25.0,0.0,1.0,0.377,0.413,0.79,5.81,5.9,e,阿部　寿樹,6300
7,鈴木　大地,0.265,34.0,93.0,83.0,22.0,0.0,7.0,1.0,3.0,7.0,13.0,0.0,1.0,0.344,0.289,0.633,4.0,3.95,e,鈴木　大地,16000
32,中島　大輔,0.256,29.0,86.0,82.0,21.0,2.0,10.0,7.0,3.0,0.0,9.0,1.0,0.0,0.282,0.366,0.648,4.11,4.11,e,中島　大輔,950
51,小郷　裕哉,0.153,30.0,77.0,72.0,11.0,0.0,5.0,4.0,5.0,0.0,24.0,0.0,0.0,0.208,0.208,0.416,1.28,1.43,e,小郷　裕哉,6600
48,渡邊　佳明,0.308,27.0,69.0,65.0,20.0,0.0,7.0,0.0,2.0,0.0,7.0,1.0,1.0,0.324,0.338,0.662,4.01,3.97,e,渡邊　佳明,1800
39,伊藤　裕季也,0.226,26.0,68.0,62.0,14.0,0.0,4.0,1.0,3.0,1.0,18.0,1.0,0.0,0.269,0.29,0.559,2.8,2.85,e,伊藤　裕季也,1950
65,堀内　謙伍,0.323,26.0,68.0,62.0,20.0,1.0,7.0,0.0,6.0,0.0,16.0,0.0,1.0,0.382,0.435,0.818,6.38,6.08,e,堀内　謙伍,730
2,太田　光,0.054,32.0,64.0,56.0,3.0,0.0,1.0,0.0,4.0,1.0,13.0,2.0,3.0,0.129,0.054,0.183,-1.47,-1.07,e,太田　光,5700
73,小森　航大郎,0.196,20.0,48.0,46.0,9.0,1.0,1.0,4.0,2.0,0.0,11.0,0.0,0.0,0.229,0.283,0.512,2.53,2.66,e,小森　航大郎,640
50,武藤　敦貴,0.143,20.0,35.0,28.0,4.0,0.0,1.0,2.0,5.0,0.0,8.0,1.0,0.0,0.265,0.143,0.408,1.75,2.34,e,武藤　敦貴,700
25,田中　和基,0.083,13.0,12.0,12.0,1.0,0.0,1.0,0.0,0.0,0.0,7.0,0.0,0.0,0.083,0.083,0.167,-1.59,-1.35,e,田中　和基,3000
35,島内　宏明,0.0,3.0,9.0,8.0,0.0,0.0,0.0,0.0,1.0,0.0,3.0,0.0,0.0,0.111,0.0,0.111,-1.75,-1.35,e,島内　宏明,4500
70,石原　彪,0.0,7.0,7.0,6.0,0.0,0.0,0.0,0.0,1.0,0.0,3.0,0.0,0.0,0.143,0.0,0.143,-1.43,-0.99,e,石原　彪,1700
44,田中　貴也,0.0,5.0,3.0,2.0,0.0,0.0,0.0,0.0,0.0,0.0,2.0,1.0,0.0,0.0,0.0,0.0,-1.57,-1.44,e,田中　貴也,800
24,黒川　史陽,,,,,,,,,,,,,,,,,,,e,黒川　史陽,860
27,岡島　豪郎,,,,,,,,,,,,,,,,,,,e,岡島　豪郎,4300
34,山﨑　剛,,,,,,,,,,,,,,,,,,,e,山﨑　剛,2000
36,吉納　翼,,,,,,,,,,,,,,,,,,,e,吉納　翼,700
42,山田　遥楓,,,,,,,,,,,,,,,,,,,e,山田　遥楓,800
55,安田　悠馬,,,,,,,,,,,,,,,,,,,e,安田　悠馬,1500
60,ワォーターズ　璃海ジュミル,,,,,,,,,,,,,,,,,,,e,ワォーターズ　璃海ジュミル,550
63,入江　大樹,,,,,,,,,,,,,,,,,,,e,入江　大樹,550
68,青野　拓海,,,,,,,,,,,,,,,,,,,e,青野　拓海,500
75,陽　柏翔,,,,,,,,,,,,,,,,,,,e,陽　柏翔,550
78,吉野　創士,,,,,,,,,,,,,,,,,,,e,吉野　創士,750
79,前田　銀治,,,,,,,,,,,,,,,,,,,e,前田　銀治,550
31,太田　椋,0.323,41.0,186.0,164.0,53.0,4.0,20.0,0.0,14.0,3.0,37.0,5.0,3.0,0.387,0.427,0.814,6.0,5.7,bs,太田　椋,3200
7,西川　龍馬,0.289,43.0,183.0,173.0,50.0,1.0,10.0,3.0,5.0,2.0,27.0,3.0,3.0,0.317,0.387,0.704,4.31,4.02,bs,西川　龍馬,30000
44,頓宮　裕真,0.276,42.0,170.0,152.0,42.0,7.0,18.0,1.0,15.0,2.0,24.0,0.0,5.0,0.347,0.474,0.821,5.64,5.57,bs,頓宮　裕真,7000
24,紅林　弘太郎,0.284,37.0,152.0,141.0,40.0,3.0,14.0,0.0,8.0,0.0,16.0,0.0,4.0,0.316,0.397,0.713,4.16,4.23,bs,紅林　弘太郎,7900
67,中川　圭太,0.254,35.0,140.0,130.0,33.0,4.0,24.0,4.0,6.0,0.0,19.0,3.0,4.0,0.285,0.408,0.692,3.84,3.84,bs,中川　圭太,7000
99,杉本　裕太郎,0.279,36.0,135.0,122.0,34.0,4.0,12.0,1.0,8.0,1.0,35.0,0.0,2.0,0.319,0.426,0.745,4.88,5.13,bs,杉本　裕太郎,6700
2,若月　健矢,0.245,41.0,119.0,106.0,26.0,3.0,8.0,0.0,6.0,4.0,14.0,3.0,3.0,0.31,0.368,0.678,3.71,3.7,bs,若月　健矢,13000
30,廣岡　大志,0.301,39.0,112.0,93.0,28.0,3.0,10.0,2.0,13.0,0.0,17.0,4.0,1.0,0.38,0.484,0.864,6.58,6.54,bs,廣岡　大志,2200
6,宗　佑磨,0.2,20.0,70.0,65.0,13.0,0.0,0.0,1.0,5.0,0.0,11.0,0.0,2.0,0.257,0.246,0.503,1.33,1.44,bs,宗　佑磨,7300
8,麦谷　祐介,0.238,35.0,69.0,63.0,15.0,0.0,4.0,7.0,6.0,0.0,15.0,0.0,0.0,0.304,0.27,0.574,3.59,3.63,bs,麦谷　祐介,1500
54,ディアス,0.259,20.0,60.0,54.0,14.0,0.0,2.0,0.0,6.0,0.0,12.0,0.0,3.0,0.333,0.296,0.63,3.01,2.93,bs,ディアス,1320
54,ディアス,0.259,20.0,60.0,54.0,14.0,0.0,2.0,0.0,6.0,0.0,12.0,0.0,3.0,0.333,0.296,0.63,3.01,2.93,bs,ディアス,8000
50,山中　稜真,0.15,13.0,43.0,40.0,6.0,1.0,3.0,0.0,3.0,0.0,7.0,0.0,1.0,0.209,0.3,0.509,1.53,1.72,bs,山中　稜真,800
4,森　友哉,0.222,11.0,41.0,36.0,8.0,0.0,5.0,0.0,4.0,0.0,8.0,0.0,0.0,0.293,0.278,0.57,3.06,3.34,bs,森　友哉,40000
65,福田　周平,0.188,14.0,40.0,32.0,6.0,0.0,2.0,1.0,4.0,0.0,6.0,4.0,0.0,0.278,0.188,0.465,1.95,2.08,bs,福田　周平,5000
9,野口　智哉,0.2,19.0,35.0,30.0,6.0,0.0,2.0,0.0,5.0,0.0,8.0,0.0,0.0,0.314,0.4,0.714,4.03,3.87,bs,野口　智哉,2000
32,福永　奨,0.172,16.0,33.0,29.0,5.0,0.0,3.0,0.0,3.0,0.0,11.0,1.0,1.0,0.25,0.276,0.526,1.7,1.77,bs,福永　奨,1000
5,西野　真弘,0.179,10.0,31.0,28.0,5.0,1.0,4.0,0.0,2.0,0.0,2.0,1.0,0.0,0.233,0.357,0.59,2.74,2.94,bs,西野　真弘,5000
38,来田　涼斗,0.227,8.0,24.0,22.0,5.0,0.0,0.0,1.0,1.0,0.0,7.0,1.0,0.0,0.261,0.227,0.488,2.15,2.21,bs,来田　涼斗,1600
10,大城　滉二,0.211,23.0,21.0,19.0,4.0,0.0,1.0,1.0,1.0,0.0,7.0,1.0,0.0,0.25,0.211,0.461,1.85,1.94,bs,大城　滉二,4000
36,オリバレス,0.222,6.0,18.0,18.0,4.0,0.0,0.0,0.0,0.0,0.0,5.0,0.0,0.0,0.222,0.222,0.444,1.26,1.35,bs,オリバレス,15000
64,大里　昂生,0.5,2.0,4.0,2.0,1.0,0.0,0.0,0.0,2.0,0.0,0.0,0.0,0.0,0.75,0.5,1.25,30.56,29.43,bs,大里　昂生,1600
27,元　謙太,0.0,7.0,2.0,2.0,0.0,0.0,0.0,0.0,0.0,0.0,1.0,0.0,0.0,0.0,0.0,0.0,-2.81,-2.57,bs,元　謙太,700
0,渡部　遼人,0.5,5.0,2.0,2.0,1.0,0.0,0.0,0.0,0.0,0.0,1.0,0.0,0.0,0.5,0.5,1.0,12.04,10.8,bs,渡部　遼人,1600
37,石川　亮,0.0,1.0,1.0,1.0,0.0,0.0,0.0,0.0,0.0,0.0,1.0,0.0,0.0,0.0,0.0,0.0,-2.92,-2.7,bs,石川　亮,1600
25,内藤　鵬,,,,,,,,,,,,,,,,,,,bs,内藤　鵬,600
33,杉澤　龍,,,,,,,,,,,,,,,,,,,bs,杉澤　龍,900
34,横山　聖哉,,,,,,,,,,,,,,,,,,,bs,横山　聖哉,700
39,池田　陵真,,,,,,,,,,,,,,,,,,,bs,池田　陵真,800
41,佐野　皓大,,,,,,,,,,,,,,,,,,,bs,佐野　皓大,1700
61,茶野　篤政,,,,,,,,,,,,,,,,,,,bs,茶野　篤政,1600
62,堀　柊那,,,,,,,,,,,,,,,,,,,bs,堀　柊那,500
21,清宮　幸太郎,0.244,44.0,183.0,164.0,40.0,3.0,16.0,1.0,19.0,0.0,27.0,0.0,4.0,0.322,0.341,0.664,3.75,3.73,f,清宮　幸太郎,8000
66,万波　中正,0.242,45.0,182.0,165.0,40.0,9.0,25.0,0.0,16.0,1.0,45.0,0.0,2.0,0.313,0.497,0.81,5.33,5.21,f,万波　中正,16500
99,レイエス,0.271,41.0,173.0,155.0,42.0,9.0,25.0,0.0,18.0,0.0,38.0,0.0,4.0,0.347,0.49,0.837,5.87,5.79,f,レイエス,30000
5,野村　佑希,0.291,36.0,151.0,134.0,39.0,6.0,17.0,1.0,15.0,2.0,22.0,0.0,3.0,0.371,0.5,0.871,6.72,6.46,f,野村　佑希,4300
43,水野　達稀,0.233,39.0,131.0,116.0,27.0,3.0,19.0,2.0,9.0,4.0,26.0,1.0,2.0,0.308,0.397,0.704,4.29,4.37,f,水野　達稀,3000
30,郡司　裕也,0.235,29.0,102.0,85.0,20.0,3.0,11.0,0.0,13.0,3.0,16.0,0.0,3.0,0.353,0.365,0.718,4.48,4.69,f,郡司　裕也,5500
7,松本　剛,0.171,28.0,94.0,82.0,14.0,0.0,2.0,1.0,10.0,2.0,15.0,0.0,2.0,0.277,0.195,0.472,1.34,1.53,f,松本　剛,11000
60,吉田　賢吾,0.222,32.0,85.0,81.0,18.0,4.0,9.0,0.0,4.0,0.0,11.0,0.0,4.0,0.259,0.444,0.703,3.29,3.34,f,吉田　賢吾,850
38,石井　一成,0.306,25.0,78.0,72.0,22.0,1.0,8.0,1.0,4.0,0.0,18.0,1.0,0.0,0.338,0.417,0.754,5.53,5.33,f,石井　一成,4000
64,田宮　裕涼,0.225,22.0,77.0,71.0,16.0,1.0,2.0,1.0,6.0,0.0,12.0,0.0,1.0,0.286,0.296,0.581,2.49,2.58,f,田宮　裕涼,3000
23,伏見　寅威,0.217,26.0,65.0,60.0,13.0,1.0,5.0,0.0,1.0,2.0,12.0,2.0,2.0,0.254,0.267,0.521,1.72,1.84,f,伏見　寅威,10000
8,淺間　大基,0.208,23.0,57.0,48.0,10.0,1.0,3.0,2.0,9.0,0.0,8.0,0.0,1.0,0.333,0.292,0.625,3.84,3.97,f,淺間　大基,2800
50,五十幡　亮汰,0.217,32.0,48.0,46.0,10.0,0.0,4.0,7.0,1.0,0.0,13.0,1.0,0.0,0.234,0.261,0.495,1.81,1.94,f,五十幡　亮汰,2400
58,奈良間　大己,0.256,27.0,48.0,43.0,11.0,1.0,1.0,1.0,2.0,1.0,15.0,2.0,0.0,0.304,0.326,0.63,3.7,3.75,f,奈良間　大己,1700
12,矢澤　宏太,0.22,17.0,43.0,41.0,9.0,1.0,2.0,1.0,2.0,0.0,10.0,0.0,0.0,0.256,0.317,0.573,2.92,3.0,f,矢澤　宏太,1750
12,矢澤　宏太,0.22,17.0,43.0,41.0,9.0,1.0,2.0,1.0,2.0,0.0,10.0,0.0,0.0,0.256,0.317,0.573,2.92,3.0,f,矢澤　宏太,1750
54,山縣　秀,0.22,20.0,42.0,41.0,9.0,0.0,2.0,1.0,0.0,0.0,8.0,1.0,0.0,0.22,0.22,0.439,1.38,1.46,f,山縣　秀,830
4,上川畑　大悟,0.135,15.0,39.0,37.0,5.0,0.0,1.0,0.0,2.0,0.0,5.0,0.0,3.0,0.179,0.135,0.315,-0.83,-0.66,f,上川畑　大悟,4400
61,今川　優馬,0.143,11.0,30.0,28.0,4.0,0.0,0.0,0.0,2.0,0.0,6.0,0.0,0.0,0.2,0.143,0.343,0.29,0.53,f,今川　優馬,1550
53,水谷　瞬,0.13,6.0,23.0,23.0,3.0,1.0,3.0,1.0,0.0,0.0,9.0,0.0,0.0,0.13,0.261,0.391,0.66,1.01,f,水谷　瞬,2700
56,細川　凌平,0.2,8.0,12.0,10.0,2.0,0.0,1.0,2.0,0.0,0.0,2.0,2.0,0.0,0.2,0.2,0.4,1.86,1.89,f,細川　凌平,1200
2,マルティネス,0.091,6.0,12.0,11.0,1.0,0.0,0.0,0.0,1.0,0.0,8.0,0.0,0.0,0.167,0.091,0.258,-0.65,-0.32,f,マルティネス,300
2,マルティネス,0.091,6.0,12.0,11.0,1.0,0.0,0.0,0.0,1.0,0.0,8.0,0.0,0.0,0.167,0.091,0.258,-0.65,-0.32,f,マルティネス,120000
2,マルティネス,0.091,6.0,12.0,11.0,1.0,0.0,0.0,0.0,1.0,0.0,8.0,0.0,0.0,0.167,0.091,0.258,-0.65,-0.32,f,マルティネス,1000
2,マルティネス,0.091,6.0,12.0,11.0,1.0,0.0,0.0,0.0,1.0,0.0,8.0,0.0,0.0,0.167,0.091,0.258,-0.65,-0.32,f,マルティネス,25000
39,有薗　直輝,0.0,3.0,10.0,9.0,0.0,0.0,0.0,0.0,1.0,0.0,5.0,0.0,0.0,0.1,0.0,0.1,-1.91,-1.53,f,有薗　直輝,630
33,進藤　勇也,0.0,3.0,8.0,7.0,0.0,0.0,0.0,0.0,0.0,0.0,3.0,1.0,0.0,0.0,0.0,0.0,-2.3,-2.06,f,進藤　勇也,1100
49,若林　晃弘,0.143,5.0,7.0,7.0,1.0,0.0,0.0,0.0,0.0,0.0,1.0,0.0,0.0,0.143,0.143,0.286,-0.42,-0.23,f,若林　晃弘,1800
9,中島　卓也,,,,,,,,,,,,,,,,,,,f,中島　卓也,2500
10,清水　優心,,,,,,,,,,,,,,,,,,,f,清水　優心,2400
27,古川　裕大,,,,,,,,,,,,,,,,,,,f,古川　裕大,1100
36,宮崎　一樹,,,,,,,,,,,,,,,,,,,f,宮崎　一樹,930
44,阪口　樂,,,,,,,,,,,,,,,,,,,f,阪口　樂,550
65,明瀬　諒介,,,,,,,,,,,,,,,,,,,f,明瀬　諒介,530
68,星野　ひので,,,,,,,,,,,,,,,,,,,f,星野　ひので,530
98,梅林　優貴,,,,,,,,,,,,,,,,,,,f,梅林　優貴,800
7,藤岡　裕大,0.25,40.0,169.0,144.0,36.0,2.0,8.0,0.0,19.0,0.0,32.0,4.0,3.0,0.333,0.368,0.701,4.28,4.31,m,藤岡　裕大,8500
99,ソト,0.187,38.0,153.0,139.0,26.0,6.0,15.0,0.0,12.0,1.0,36.0,0.0,2.0,0.255,0.353,0.607,2.85,3.1,m,ソト,30000
1,藤原　恭大,0.291,34.0,129.0,117.0,34.0,1.0,9.0,1.0,8.0,2.0,19.0,2.0,0.0,0.346,0.368,0.714,4.91,4.71,m,藤原　恭大,4700
22,ポランコ,0.188,32.0,129.0,117.0,22.0,4.0,12.0,0.0,11.0,0.0,30.0,0.0,1.0,0.256,0.316,0.572,2.61,2.86,m,ポランコ,40000
38,髙部　瑛斗,0.263,35.0,121.0,114.0,30.0,0.0,8.0,6.0,4.0,1.0,13.0,1.0,2.0,0.292,0.289,0.581,3.2,3.21,m,髙部　瑛斗,3300
25,岡　大海,0.216,25.0,88.0,74.0,16.0,1.0,7.0,3.0,10.0,2.0,22.0,2.0,1.0,0.326,0.27,0.596,3.48,3.54,m,岡　大海,7000
65,寺地　隆成,0.284,26.0,81.0,74.0,21.0,3.0,8.0,0.0,5.0,0.0,13.0,1.0,1.0,0.325,0.446,0.771,5.19,5.19,m,寺地　隆成,550
61,山本　大斗,0.194,23.0,79.0,72.0,14.0,2.0,8.0,0.0,6.0,1.0,21.0,0.0,4.0,0.266,0.333,0.599,2.21,2.3,m,山本　大斗,500
6,西川　史礁,0.147,23.0,78.0,75.0,11.0,0.0,3.0,0.0,1.0,1.0,20.0,0.0,1.0,0.167,0.187,0.353,0.12,0.38,m,西川　史礁,1600
32,佐藤　都志也,0.097,21.0,67.0,62.0,6.0,1.0,4.0,0.0,1.0,2.0,12.0,1.0,0.0,0.136,0.145,0.282,-0.35,0.11,m,佐藤　都志也,8000
8,中村　奨吾,0.186,20.0,64.0,59.0,11.0,1.0,3.0,0.0,4.0,1.0,9.0,0.0,0.0,0.25,0.271,0.521,2.22,2.36,m,中村　奨吾,20000
57,小川　龍成,0.143,27.0,59.0,49.0,7.0,0.0,3.0,2.0,6.0,1.0,10.0,3.0,4.0,0.25,0.163,0.413,0.33,0.5,m,小川　龍成,2500
0,池田　来翔,0.259,16.0,57.0,54.0,14.0,2.0,6.0,0.0,1.0,1.0,8.0,1.0,1.0,0.286,0.444,0.73,4.27,4.15,m,池田　来翔,1300
4,友杉　篤輝,0.26,26.0,55.0,50.0,13.0,0.0,3.0,1.0,1.0,0.0,6.0,4.0,1.0,0.275,0.38,0.655,3.05,2.91,m,友杉　篤輝,3000
3,角中　勝也,0.176,18.0,44.0,34.0,6.0,1.0,2.0,0.0,8.0,0.0,8.0,2.0,0.0,0.333,0.265,0.598,3.47,3.74,m,角中　勝也,6600
10,上田　希由翔,0.114,13.0,40.0,35.0,4.0,0.0,1.0,0.0,3.0,0.0,5.0,1.0,0.0,0.179,0.171,0.351,0.44,0.85,m,上田　希由翔,1650
5,安田　尚憲,0.318,9.0,29.0,22.0,7.0,0.0,2.0,0.0,6.0,1.0,4.0,0.0,0.0,0.483,0.364,0.846,8.77,8.5,m,安田　尚憲,4500
67,茶谷　健太,0.4,25.0,18.0,15.0,6.0,0.0,2.0,0.0,2.0,0.0,3.0,1.0,0.0,0.471,0.533,1.004,9.99,8.99,m,茶谷　健太,2000
23,石川　慎吾,0.059,7.0,18.0,17.0,1.0,0.0,2.0,0.0,1.0,0.0,7.0,0.0,0.0,0.111,0.059,0.17,-1.42,-1.11,m,石川　慎吾,2600
27,田村　龍弘,0.111,7.0,18.0,18.0,2.0,0.0,1.0,0.0,0.0,0.0,4.0,0.0,2.0,0.111,0.111,0.222,-1.95,-1.82,m,田村　龍弘,7000
51,山口　航輝,0.091,4.0,11.0,11.0,1.0,0.0,0.0,0.0,0.0,0.0,6.0,0.0,0.0,0.091,0.091,0.182,-1.46,-1.22,m,山口　航輝,3500
43,石垣　雅海,0.286,3.0,8.0,7.0,2.0,0.0,0.0,0.0,1.0,0.0,2.0,0.0,0.0,0.375,0.429,0.804,6.41,5.4,m,石垣　雅海,900
44,宮崎　竜成,0.0,3.0,8.0,8.0,0.0,0.0,0.0,0.0,0.0,0.0,5.0,0.0,0.0,0.0,0.0,0.0,-2.84,-2.57,m,宮崎　竜成,1400
49,立松　由宇,0.0,4.0,6.0,6.0,0.0,0.0,0.0,0.0,0.0,0.0,3.0,0.0,0.0,0.0,0.0,0.0,-2.81,-2.52,m,立松　由宇,1000
63,和田　康士朗,0.0,12.0,4.0,2.0,0.0,0.0,1.0,0.0,1.0,0.0,1.0,0.0,0.0,0.25,0.0,0.25,-1.33,1.35,m,和田　康士朗,2500
45,植田　将太,0.0,1.0,0.0,0.0,0.0,0.0,0.0,0.0,0.0,0.0,0.0,0.0,0.0,0.0,0.0,0.0,0.0,0.0,m,植田　将太,500
0,荻野　貴司,,,,,,,,,,,,,,,,,,,m,荻野　貴司,7000
2,松川　虎生,,,,,,,,,,,,,,,,,,,m,松川　虎生,1700
39,大下　誠一郎,,,,,,,,,,,,,,,,,,,m,大下　誠一郎,800
50,愛斗,,,,,,,,,,,,,,,,,,,m,愛斗,2600
55,柿沼　友哉,,,,,,,,,,,,,,,,,,,m,柿沼　友哉,1200
68,金田　優太,,,,,,,,,,,,,,,,,,,m,金田　優太,500
